﻿<?xml version="1.0" encoding="utf-8"?>
<Compiler>
	<TargetConfiguration Target="Executable">
		<CompilerCommand>dmd</CompilerCommand>
		<LinkerCommand>dmd</LinkerCommand>
		<ObjectLinkPattern>"{0}"</ObjectLinkPattern>
		<IncludePathPattern>-I"{0}"</IncludePathPattern>
		<DebugArgs>
			<CompilerArg>-c "$src" -of"$obj" $includes -gc -debug</CompilerArg>
			<LinkerArgs>-gc -debug -of"$target" $objs $libs</LinkerArgs>
      <OneStepBuildArgs>-gc -debug $sources $libs $includes -od$objectsDirectory -of"$exe"</OneStepBuildArgs>
		</DebugArgs>
		<ReleaseArgs>
			<CompilerArg>-c "$src" -of"$obj" $includes -O -release</CompilerArg>
			<LinkerArgs>-O -release -of"$target" $objs $libs</LinkerArgs>
      <OneStepBuildArgs>-O -release $sources $libs $includes -od$objectsDirectory -of"$exe"</OneStepBuildArgs>
		</ReleaseArgs>
	</TargetConfiguration>
	
	<TargetConfiguration Target="ConsolelessExecutable">
		<CompilerCommand>dmd</CompilerCommand>
		<LinkerCommand>dmd</LinkerCommand>
		<ObjectLinkPattern>"{0}"</ObjectLinkPattern>
		<IncludePathPattern>-I"{0}"</IncludePathPattern>
		<DebugArgs>
			<CompilerArg>-c "$src" -of"$obj" $includes -gc -debug</CompilerArg>
			<LinkerArgs>-gc -debug -of"$target" $objs $libs</LinkerArgs>
      <OneStepBuildArgs>-gc -debug $sources $libs $includes -od$objectsDirectory -of"$exe"</OneStepBuildArgs>
		</DebugArgs>
		<ReleaseArgs>
			<CompilerArg>-c "$src" -of"$obj" $includes -O -release</CompilerArg>
			<LinkerArgs>-O -release -of"$target" $objs $libs</LinkerArgs>
      <OneStepBuildArgs>-O -release $sources $libs $includes -od$objectsDirectory -of"$exe"</OneStepBuildArgs>
		</ReleaseArgs>
	</TargetConfiguration>
	
	<TargetConfiguration Target="SharedLibrary">
		<CompilerCommand>dmd</CompilerCommand>
		<LinkerCommand>dmd</LinkerCommand>
		<ObjectLinkPattern>"{0}"</ObjectLinkPattern>
		<IncludePathPattern>-I"{0}"</IncludePathPattern>
		<DebugArgs>
			<CompilerArg>-c "$src" -of"$obj" $includes -gc -debug</CompilerArg>
			<LinkerArgs>-gc -debug -of"$target" $objs $libs -L/IMPLIB:$relativeTargetDir </LinkerArgs>
      <OneStepBuildArgs>-gc -debug $sources $libs $includes -od$objectsDirectory -of"$dll"</OneStepBuildArgs>
		</DebugArgs>
		<ReleaseArgs>
			<CompilerArg>-c "$src" -of"$obj" $includes -O -release</CompilerArg>
			<LinkerArgs>-O -release -of"$target" $objs $libs -L/IMPLIB:$relativeTargetDir </LinkerArgs>
      <OneStepBuildArgs>-O -release $sources $libs $includes -od$objectsDirectory -of"$dll"</OneStepBuildArgs>
		</ReleaseArgs>
	</TargetConfiguration>
	
	<TargetConfiguration Target="StaticLibrary">
		<CompilerCommand>dmd</CompilerCommand>
		<LinkerCommand>dmd</LinkerCommand>
		<ObjectLinkPattern>"{0}"</ObjectLinkPattern>
		<IncludePathPattern>-I"{0}"</IncludePathPattern>
		<DebugArgs>
			<CompilerArg>-c "$src" -of"$obj" $includes -gc -debug</CompilerArg>
			<LinkerArgs>-lib -of"$target" $objs</LinkerArgs>
      <OneStepBuildArgs>-gc -debug $sources $libs $includes -lib -of"$lib"</OneStepBuildArgs>
		</DebugArgs>
		<ReleaseArgs>
			<CompilerArg>-c "$src" -of"$obj" $includes -O -release</CompilerArg>
			<LinkerArgs>-lib -of"$target" $objs</LinkerArgs>
      <OneStepBuildArgs>-O -release $sources $libs $includes -lib -of"$lib"</OneStepBuildArgs>
		</ReleaseArgs>
	</TargetConfiguration>
</Compiler>