﻿<?xml version="1.0" encoding="utf-8"?>
<Compiler>
	<TargetConfiguration Target="Executable">
		<CompilerCommand>gdc</CompilerCommand>
		<LinkerCommand>gdc</LinkerCommand>
		<ObjectLinkPattern>"{0}"</ObjectLinkPattern>
		<IncludePathPattern>-I"{0}"</IncludePathPattern>
		<DebugArgs>
			<CompilerArg>-c "$src" -o "$obj" $includes -g</CompilerArg>
			<LinkerArgs>-o "$target" -g $objs $libs</LinkerArgs>
		</DebugArgs>
		<ReleaseArgs>
			<CompilerArg>-c "$src" -o "$obj" $includes -O3</CompilerArg>
			<LinkerArgs>-o "$target" -O3 $objs $libs</LinkerArgs>
		</ReleaseArgs>
	</TargetConfiguration>
	
	<TargetConfiguration Target="ConsolelessExecutable">
		<CompilerCommand>gdc</CompilerCommand>
		<LinkerCommand>gdc</LinkerCommand>
		<ObjectLinkPattern>"{0}"</ObjectLinkPattern>
		<IncludePathPattern>-I"{0}"</IncludePathPattern>
		<DebugArgs>
			<CompilerArg>-c "$src" -o "$obj" $includes -g</CompilerArg>
			<LinkerArgs>-o "$target" -g $objs $libs</LinkerArgs>
		</DebugArgs>
		<ReleaseArgs>
			<CompilerArg>-c "$src" -o "$obj" $includes -O3</CompilerArg>
			<LinkerArgs>-o "$target" -O3 $objs $libs</LinkerArgs>
		</ReleaseArgs>
	</TargetConfiguration>
	
	<TargetConfiguration Target="SharedLibrary">
		<CompilerCommand>gdc</CompilerCommand>
		<LinkerCommand>gdc</LinkerCommand>
		<ObjectLinkPattern>"{0}"</ObjectLinkPattern>
		<IncludePathPattern>-I"{0}"</IncludePathPattern>
		<DebugArgs>
			<CompilerArg>-fPIC -c "$src" -o "$obj" $includes -g</CompilerArg>
			<LinkerArgs>-o "$target" -g $objs $libs -shared</LinkerArgs>
		</DebugArgs>
		<ReleaseArgs>
			<CompilerArg>-fPIC -c "$src" -o "$obj" $includes -O3</CompilerArg>
			<LinkerArgs>-o "$target" -O3 $objs $libs -shared</LinkerArgs>
		</ReleaseArgs>
	</TargetConfiguration>
	
	<TargetConfiguration Target="StaticLibrary">
		<CompilerCommand>gdc</CompilerCommand>
		<LinkerCommand>ar</LinkerCommand>
		<ObjectLinkPattern>"{0}"</ObjectLinkPattern>
		<IncludePathPattern>-I"{0}"</IncludePathPattern>
		<DebugArgs>
			<CompilerArg>-c "$src" -o "$obj" $includes -g</CompilerArg>
			<LinkerArgs>rcs "$target" $objs</LinkerArgs>
		</DebugArgs>
		<ReleaseArgs>
			<CompilerArg>-c "$src" -o "$obj" $includes -O3</CompilerArg>
			<LinkerArgs>rcs "$target" $objs</LinkerArgs>
		</ReleaseArgs>
	</TargetConfiguration>
</Compiler>