﻿<?xml version="1.0" encoding="utf-8"?>
<Compiler>
	<TargetConfiguration Target="Executable">
		<CompilerCommand>ldc2</CompilerCommand>
		<LinkerCommand>ldc2</LinkerCommand>
		<ObjectLinkPattern>"{0}"</ObjectLinkPattern>
		<IncludePathPattern>-I"{0}"</IncludePathPattern>
		<DebugArgs>
			<CompilerArg>-c "$src" -of "$obj" $includes -g</CompilerArg>
			<LinkerArgs>-of "$target" -g $objs $libs</LinkerArgs>
		</DebugArgs>
		<ReleaseArgs>
			<CompilerArg>-c "$src" -of "$obj" $includes -O3 -release</CompilerArg>
			<LinkerArgs>-of "$target" -O3 -release $objs $libs</LinkerArgs>
		</ReleaseArgs>
	</TargetConfiguration>

	<TargetConfiguration Target="ConsolelessExecutable">
		<CompilerCommand>ldc2</CompilerCommand>
		<LinkerCommand>ldc2</LinkerCommand>
		<ObjectLinkPattern>"{0}"</ObjectLinkPattern>
		<IncludePathPattern>-I"{0}"</IncludePathPattern>
		<DebugArgs>
			<CompilerArg>-c "$src" -of "$obj" $includes -g</CompilerArg>
			<LinkerArgs>-of "$target" -g $objs $libs</LinkerArgs>
		</DebugArgs>
		<ReleaseArgs>
			<CompilerArg>-c "$src" -of "$obj" $includes -O3 -release</CompilerArg>
			<LinkerArgs>-of "$target" -O3 -release $objs $libs</LinkerArgs>
		</ReleaseArgs>
	</TargetConfiguration>
	
	<TargetConfiguration Target="SharedLibrary">
		<CompilerCommand>ldc2</CompilerCommand>
		<LinkerCommand>ldc2</LinkerCommand>
		<ObjectLinkPattern>"{0}"</ObjectLinkPattern>
		<IncludePathPattern>-I"{0}"</IncludePathPattern>
		<DebugArgs>
			<CompilerArg>-relocation-model=pic -c "$src" -of "$obj" $includes -g</CompilerArg>
			<LinkerArgs>-of "$target" -g $objs $libs -shared</LinkerArgs>
		</DebugArgs>
		<ReleaseArgs>
			<CompilerArg>-relocation-model=pic -c "$src" -of "$obj" $includes -O3 -release</CompilerArg>
			<LinkerArgs>-of "$target" -O3 -release $objs $libs -shared</LinkerArgs>
		</ReleaseArgs>
	</TargetConfiguration>

	<TargetConfiguration Target="StaticLibrary">
		<CompilerCommand>ldc2</CompilerCommand>
		<LinkerCommand>ldc2</LinkerCommand>
		<ObjectLinkPattern>"{0}"</ObjectLinkPattern>
		<IncludePathPattern>-I"{0}"</IncludePathPattern>
		<DebugArgs>
			<CompilerArg>-c "$src" -of "$obj" $includes -g</CompilerArg>
			<LinkerArgs>-lib "$target" $objs</LinkerArgs>
		</DebugArgs>
		<ReleaseArgs>
			<CompilerArg>-c "$src" -of "$obj" $includes -O3 -release</CompilerArg>
			<LinkerArgs>-lib "$target" $objs</LinkerArgs>
		</ReleaseArgs>
	</TargetConfiguration>
</Compiler>